query_size,database_size,db_build_time_one_time,search_mean,search_std,num_runs,warmup_runs
10,1000,0.06591297127306461,0.8492273235072693,0.03365616284594023,3,1
100,1000,0.06591297127306461,0.8402539882808924,0.031956664432167964,3,1
1000,1000,0.06591297127306461,0.9044978811095158,0.03991375477649551,3,1
10,10000,0.06957453489303589,0.9958939341207346,0.012431713185985864,3,1
100,10000,0.06957453489303589,1.0849020952979724,0.014812880689841249,3,1
1000,10000,0.06957453489303589,1.1298134767760832,0.01359413362924779,3,1
10,100000,0.24460632726550102,1.7853307823340099,0.07199957025892187,3,1
100,100000,0.24460632726550102,2.143303175146381,0.03259695463302389,3,1
1000,100000,0.24460632726550102,2.568085870395104,0.017641668164341425,3,1
