query_size,database_size,encode_mean,encode_std,db_build_time_one_time,search_mean,search_std,total_mean,total_std,num_runs,warmup_runs,mode
10,1000,0.30997671334383387,0.07183552584749975,6.574503634008579,2.489805956293518,0.15014464099071043,2.7997826696373522,0.16644445317287124,3,1,GPU
100,1000,0.3874187363544479,0.005560922722240034,6.574503634008579,6.742873157995443,0.06461994433658813,7.130291894349891,0.06485877787614004,3,1,GPU
1000,1000,3.068758250020134,0.0556277554630333,6.574503634008579,86.56632110499777,2.2710247377862687,89.63507935501791,2.271705924369403,3,1,GPU
10,10000,0.27440623434570927,0.0547191091333595,31.330986207001843,3.680517945981895,0.013914640036904367,3.9549241803276045,0.05646058901309062,3,1,GPU
100,10000,0.3779678229475394,0.00413777171805563,31.330986207001843,18.003533443940494,0.06279501613940751,18.381501266888034,0.06293119422622767,3,1,GPU
1000,10000,3.082883523001025,0.06346184396597622,31.330986207001843,205.66240975027904,3.468753701260975,208.74529327328005,3.4693341790106174,3,1,GPU
10,100000,0.22988849133253098,0.004300179061567848,286.5252740519354,3.8081793466505283,0.06969081873329636,4.038067837983059,0.06982336110270486,3,1,GPU
100,100000,0.36712789970139664,0.009053172618072603,286.5252740519354,25.391504890945118,0.09188261632568802,25.758632790646516,0.09232754257157616,3,1,GPU
1000,100000,3.0607292643593005,0.0380702062990238,286.5252740519354,442.4639039873534,1.3938176054444027,445.52463325171266,1.3943374261112047,3,1,GPU
